"","organization_identifier","organization_formal_name","activity_identifier","activity_start_date","activity_start_time_time","activity_start_time_time_zone_code","monitoring_location_identifier","result_identifier","data_logger_line","result_detection_condition_text","characteristic_name","result_sample_fraction_text","result_measure_value","result_measure_measure_unit_code","result_status_identifier","result_value_type_name","result_analytical_method_method_identifier","result_analytical_method_method_identifier_context","result_analytical_method_method_name","result_analytical_method_method_qualifier_type_name","method_description_text","analysis_start_time_time","analysis_start_time_time_zone_code","result_detection_quantitation_limit_url","provider_name","project","trib_mainstem","river_mile","monitoring_location_name","monitoring_location_type_name","monitoring_location_description_text","huc_eight_digit_code","latitude_measure","longitude_measure","horizontal_collection_method_name","horizontal_coordinate_reference_system_datum_name","country_code","state_code","county_code","tributary_name","site_name","julian_day","season","hardness_mgl","m_a","b_a","m_c","b_c","fw_acute_convert","fw_chronic_convert","fw_acute_std","fw_chronic_std","fw_acute_exceed","fw_chronic_exceed"
"1","KENAI_WQX","Kenai Watershed Forum","KENAI_WQX-10000025_07/29/2008_11:05:00","2008-07-29","11:05:00","AKST","KENAI_WQX-10000025","STORET-56455193",NA,NA,"Benzene, toluene, ethyl benzene, xylenes mix","Volatile",3.8,"ug/l","Final","Calculated","602","USEPA","Purgeable Aromatics in Wastewater by GC",NA,"https://www.nemi.gov/methods/method_summary/5228/",NA,NA,"https://www.waterqualitydata.us/data/providers/STORET/organizations/KENAI_WQX/activities/KENAI_WQX-10000025_07%2F29%2F2008_11%3A05%3A00/results/56455193/resdetectqntlmts","STORET","KBL","m",31,"KBL_m_31.0","River/Stream","Morgans_Landing",19020302,60.498284,-150.863121,"Interpolation-Satellite","NAD83","US",2,122,NA,"31",211,"Summer",31.75332,NA,NA,NA,NA,NA,NA,NA,NA,NA,NA
"2","KENAI_WQX","Kenai Watershed Forum","KENAI_WQX-10000030_07/29/2008_09:08:00","2008-07-29","09:08:00","AKST","KENAI_WQX-10000030","STORET-56455247",NA,NA,"Benzene, toluene, ethyl benzene, xylenes mix","Volatile",1.2,"ug/l","Final","Calculated","602","USEPA","Purgeable Aromatics in Wastewater by GC",NA,"https://www.nemi.gov/methods/method_summary/5228/",NA,NA,"https://www.waterqualitydata.us/data/providers/STORET/organizations/KENAI_WQX/activities/KENAI_WQX-10000030_07%2F29%2F2008_09%3A08%3A00/results/56455247/resdetectqntlmts","STORET","KBL","m",50,"KBL_m_50.0","River/Stream","Skilak_Lake_Outlet",19020302,60.467517,-150.507789,"Interpolation-Satellite","NAD83","US",2,122,NA,"50",211,"Summer",30.423441,NA,NA,NA,NA,NA,NA,NA,NA,NA,NA
"3","KENAI_WQX","Kenai Watershed Forum","KENAI_WQX-10000023_07/22/2003_09:40:00","2003-07-22","09:40:00","AKDT","KENAI_WQX-10000023","STORET-56515657",NA,NA,"Benzene, toluene, ethyl benzene, xylenes mix","Volatile",0.46,"ug/l","Final","Calculated","602","USEPA","Purgeable Aromatics in Wastewater by GC",NA,"https://www.nemi.gov/methods/method_summary/5228/",NA,NA,"https://www.waterqualitydata.us/data/providers/STORET/organizations/KENAI_WQX/activities/KENAI_WQX-10000023_07%2F22%2F2003_09%3A40%3A00/results/56515657/resdetectqntlmts","STORET","KBL","m",23,"KBL_m_23.0","River/Stream","Swiftwater_Park",19020302,60.480338,-151.030847,"Interpolation-Satellite","NAD83","US",2,122,NA,"23",203,"Summer",27.96663,NA,NA,NA,NA,NA,NA,NA,NA,NA,NA
"4","KENAI_WQX","Kenai Watershed Forum","KENAI_WQX-10000028_2001-07-24_09:40:00","2001-07-24","09:40:00","AKDT","KENAI_WQX-10000028","STORET-56524060",NA,NA,"Benzene, toluene, ethyl benzene, xylenes mix","Volatile",0.95,"ug/l","Final","Calculated","602","USEPA","Purgeable Aromatics in Wastewater by GC",NA,"https://www.nemi.gov/methods/method_summary/5228/",NA,NA,"https://www.waterqualitydata.us/data/providers/STORET/organizations/KENAI_WQX/activities/KENAI_WQX-10000028_2001-07-24_09%3A40%3A00/results/56524060/resdetectqntlmts","STORET","KBL","m",43,"KBL_m_43.0","River/Stream","Upstream_Dow_Island",19020302,60.489844,-150.636905,"Interpolation-Satellite","NAD83","US",2,122,NA,"43",205,"Summer",28.281676,NA,NA,NA,NA,NA,NA,NA,NA,NA,NA
"5","KENAI_WQX","Kenai Watershed Forum","KENAI_WQX-10000032_07/29/2008_08:53:00","2008-07-29","08:53:00","AKST","KENAI_WQX-10000032","STORET-56455013",NA,NA,"Benzene, toluene, ethyl benzene, xylenes mix","Volatile",3,"ug/l","Final","Calculated","602","USEPA","Purgeable Aromatics in Wastewater by GC",NA,"https://www.nemi.gov/methods/method_summary/5228/",NA,NA,"https://www.waterqualitydata.us/data/providers/STORET/organizations/KENAI_WQX/activities/KENAI_WQX-10000032_07%2F29%2F2008_08%3A53%3A00/results/56455013/resdetectqntlmts","STORET","KBL","t",74,"KBL_t_74.0","River/Stream","Russian_River",19020302,60.484622,-149.993955,"Interpolation-Satellite","NAD83","US",2,122,"Russian River","Russian River",211,"Summer",37.350696,NA,NA,NA,NA,NA,NA,NA,NA,NA,NA
"6","KENAI_WQX","Kenai Watershed Forum","KENAI_WQX-10000002_2006-07-25_09:05:00","2006-07-25","09:05:00","AKDT","KENAI_WQX-10000002","STORET-56497325",NA,NA,"Benzene, toluene, ethyl benzene, xylenes mix","Volatile",1.5,"ug/l","Final","Calculated","602","USEPA","Purgeable Aromatics in Wastewater by GC",NA,"https://www.nemi.gov/methods/method_summary/5228/",NA,NA,"https://www.waterqualitydata.us/data/providers/STORET/organizations/KENAI_WQX/activities/KENAI_WQX-10000002_2006-07-25_09%3A05%3A00/results/56497325/resdetectqntlmts","STORET","KBL","m",1.5,"KBL_m_01.5","River/Stream","City_of_Kenai_Docks",19020302,60.54368,-151.22294,"Interpolation-Satellite","NAD83","US",2,122,NA,"1.5",206,"Summer",84.6976,NA,NA,NA,NA,NA,NA,NA,NA,NA,NA
"7","KENAI_WQX","Kenai Watershed Forum","KENAI_WQX-10000016_07/25/2006_10:35:00","2006-07-25","10:35:00","AKDT","KENAI_WQX-10000016","STORET-56497394",NA,NA,"Benzene, toluene, ethyl benzene, xylenes mix","Volatile",3.6,"ug/l","Final","Calculated","602","USEPA","Purgeable Aromatics in Wastewater by GC",NA,"https://www.nemi.gov/methods/method_summary/5228/",NA,NA,"https://www.waterqualitydata.us/data/providers/STORET/organizations/KENAI_WQX/activities/KENAI_WQX-10000016_07%2F25%2F2006_10%3A35%3A00/results/56497394/resdetectqntlmts","STORET","KBL","m",10.1,"KBL_m_10.1","River/Stream","Kenai_River_near_Beaver_creek",19020302,60.539279,-151.142263,"Interpolation-Satellite","NAD83","US",2,122,NA,"10.1",206,"Summer",29.94887,NA,NA,NA,NA,NA,NA,NA,NA,NA,NA
"8","KENAI_WQX","Kenai Watershed Forum","KENAI_WQX-10000005_07/20/2004_10:30:00","2004-07-20","10:30:00","AKDT","KENAI_WQX-10000005","STORET-56514483",NA,NA,"Benzene, toluene, ethyl benzene, xylenes mix","Volatile",6.3,"ug/l","Final","Calculated","602","USEPA","Purgeable Aromatics in Wastewater by GC",NA,"https://www.nemi.gov/methods/method_summary/5228/",NA,NA,"https://www.waterqualitydata.us/data/providers/STORET/organizations/KENAI_WQX/activities/KENAI_WQX-10000005_07%2F20%2F2004_10%3A30%3A00/results/56514483/resdetectqntlmts","STORET","KBL","m",6.5,"KBL_m_06.5","River/Stream","Cunningham_Park",19020302,60.54081,-151.18278,"Interpolation-Satellite","NAD83","US",2,122,NA,"6.5",202,"Summer",47.10928,NA,NA,NA,NA,NA,NA,NA,NA,NA,NA
"9","KENAI_WQX","Kenai Watershed Forum","KENAI_WQX-10000018_07/22/2003_10:30:00","2003-07-22","10:30:00","AKDT","KENAI_WQX-10000018","STORET-56515611",NA,NA,"Benzene, toluene, ethyl benzene, xylenes mix","Volatile",0.71,"ug/l","Final","Calculated","602","USEPA","Purgeable Aromatics in Wastewater by GC",NA,"https://www.nemi.gov/methods/method_summary/5228/",NA,NA,"https://www.waterqualitydata.us/data/providers/STORET/organizations/KENAI_WQX/activities/KENAI_WQX-10000018_07%2F22%2F2003_10%3A30%3A00/results/56515611/resdetectqntlmts","STORET","KBL","m",18,"KBL_m_18.0","River/Stream","Poachers_Cove",19020302,60.502005,-151.106973,"Interpolation-Satellite","NAD83","US",2,122,NA,"18",203,"Summer",27.63455,NA,NA,NA,NA,NA,NA,NA,NA,NA,NA
"10","KENAI_WQX","Kenai Watershed Forum","KENAI_WQX-10000016_2001-07-24_12:05:00","2001-07-24","12:05:00","AKDT","KENAI_WQX-10000016","STORET-56523899",NA,NA,"Benzene, toluene, ethyl benzene, xylenes mix","Volatile",7.9,"ug/l","Final","Calculated","602","USEPA","Purgeable Aromatics in Wastewater by GC",NA,"https://www.nemi.gov/methods/method_summary/5228/",NA,NA,"https://www.waterqualitydata.us/data/providers/STORET/organizations/KENAI_WQX/activities/KENAI_WQX-10000016_2001-07-24_12%3A05%3A00/results/56523899/resdetectqntlmts","STORET","KBL","m",10.1,"KBL_m_10.1","River/Stream","Kenai_River_near_Beaver_creek",19020302,60.539279,-151.142263,"Interpolation-Satellite","NAD83","US",2,122,NA,"10.1",205,"Summer",31.586,NA,NA,NA,NA,NA,NA,NA,NA,NA,NA
"11","KENAI_WQX","Kenai Watershed Forum","KENAI_WQX-10000005_07/16/2002_14:15:00","2002-07-16","14:15:00","AKDT","KENAI_WQX-10000005","STORET-56516577",NA,NA,"Benzene, toluene, ethyl benzene, xylenes mix","Volatile",9.12,"ug/l","Final","Calculated","602","USEPA","Purgeable Aromatics in Wastewater by GC",NA,"https://www.nemi.gov/methods/method_summary/5228/",NA,NA,"https://www.waterqualitydata.us/data/providers/STORET/organizations/KENAI_WQX/activities/KENAI_WQX-10000005_07%2F16%2F2002_14%3A15%3A00/results/56516577/resdetectqntlmts","STORET","KBL","m",6.5,"KBL_m_06.5","River/Stream","Cunningham_Park",19020302,60.54081,-151.18278,"Interpolation-Satellite","NAD83","US",2,122,NA,"6.5",197,"Summer",43.04194,NA,NA,NA,NA,NA,NA,NA,NA,NA,NA
"12","KENAI_WQX","Kenai Watershed Forum","KENAI_WQX-10000002_07/20/2004_13:20:00","2004-07-20","13:20:00","AKDT","KENAI_WQX-10000002","STORET-56514460",NA,NA,"Benzene, toluene, ethyl benzene, xylenes mix","Volatile",14.4,"ug/l","Final","Calculated","602","USEPA","Purgeable Aromatics in Wastewater by GC",NA,"https://www.nemi.gov/methods/method_summary/5228/",NA,NA,"https://www.waterqualitydata.us/data/providers/STORET/organizations/KENAI_WQX/activities/KENAI_WQX-10000002_07%2F20%2F2004_13%3A20%3A00/results/56514460/resdetectqntlmts","STORET","KBL","m",1.5,"KBL_m_01.5","River/Stream","City_of_Kenai_Docks",19020302,60.54368,-151.22294,"Interpolation-Satellite","NAD83","US",2,122,NA,"1.5",202,"Summer",59.15468,NA,NA,NA,NA,NA,NA,NA,NA,NA,NA
"13","KENAI_WQX","Kenai Watershed Forum","KENAI_WQX-10000028_07/16/2002_12:24:00","2002-07-16","12:24:00","AKDT","KENAI_WQX-10000028","STORET-56516784",NA,NA,"Benzene, toluene, ethyl benzene, xylenes mix","Volatile",0.84,"ug/l","Final","Calculated","602","USEPA","Purgeable Aromatics in Wastewater by GC",NA,"https://www.nemi.gov/methods/method_summary/5228/",NA,NA,"https://www.waterqualitydata.us/data/providers/STORET/organizations/KENAI_WQX/activities/KENAI_WQX-10000028_07%2F16%2F2002_12%3A24%3A00/results/56516784/resdetectqntlmts","STORET","KBL","m",43,"KBL_m_43.0","River/Stream","Upstream_Dow_Island",19020302,60.489844,-150.636905,"Interpolation-Satellite","NAD83","US",2,122,NA,"43",197,"Summer",27.12661,NA,NA,NA,NA,NA,NA,NA,NA,NA,NA
"14","KENAI_WQX","Kenai Watershed Forum","KENAI_WQX-10000018_07/20/2004_10:18:00","2004-07-20","10:18:00","AKDT","KENAI_WQX-10000018","STORET-56514598",NA,NA,"Benzene, toluene, ethyl benzene, xylenes mix","Volatile",1.5,"ug/l","Final","Calculated","602","USEPA","Purgeable Aromatics in Wastewater by GC",NA,"https://www.nemi.gov/methods/method_summary/5228/",NA,NA,"https://www.waterqualitydata.us/data/providers/STORET/organizations/KENAI_WQX/activities/KENAI_WQX-10000018_07%2F20%2F2004_10%3A18%3A00/results/56514598/resdetectqntlmts","STORET","KBL","m",18,"KBL_m_18.0","River/Stream","Poachers_Cove",19020302,60.502005,-151.106973,"Interpolation-Satellite","NAD83","US",2,122,NA,"18",202,"Summer",29.743363,NA,NA,NA,NA,NA,NA,NA,NA,NA,NA
"15","KENAI_WQX","Kenai Watershed Forum","KENAI_WQX-10000017_07/20/2004_10:50:00","2004-07-20","10:50:00","AKDT","KENAI_WQX-10000017","STORET-56514575",NA,NA,"Benzene, toluene, ethyl benzene, xylenes mix","Volatile",1.8,"ug/l","Final","Calculated","602","USEPA","Purgeable Aromatics in Wastewater by GC",NA,"https://www.nemi.gov/methods/method_summary/5228/",NA,NA,"https://www.waterqualitydata.us/data/providers/STORET/organizations/KENAI_WQX/activities/KENAI_WQX-10000017_07%2F20%2F2004_10%3A50%3A00/results/56514575/resdetectqntlmts","STORET","KBL","m",12.5,"KBL_m_12.5","River/Stream","Pillars",19020302,60.533743,-151.099258,"Interpolation-Satellite","NAD83","US",2,122,NA,"12.5",202,"Summer",29.304189,NA,NA,NA,NA,NA,NA,NA,NA,NA,NA
"16","KENAI_WQX","Kenai Watershed Forum","KENAI_WQX-10000017_07/18/2000_12:25:00","2000-07-18","12:25:00","AKDT","KENAI_WQX-10000017","STORET-56949970",NA,NA,"Benzene, toluene, ethyl benzene, xylenes mix","Volatile",8.44,"ug/l","Final","Calculated","602","USEPA","Purgeable Aromatics in Wastewater by GC",NA,"https://www.nemi.gov/methods/method_summary/5228/",NA,NA,"https://www.waterqualitydata.us/data/providers/STORET/organizations/KENAI_WQX/activities/KENAI_WQX-10000017_07%2F18%2F2000_12%3A25%3A00/results/56949970/resdetectqntlmts","STORET","KBL","m",12.5,"KBL_m_12.5","River/Stream","Pillars",19020302,60.533743,-151.099258,"Interpolation-Satellite","NAD83","US",2,122,NA,"12.5",200,"Summer",29.52566,NA,NA,NA,NA,NA,NA,NA,NA,NA,NA
"17","KENAI_WQX","Kenai Watershed Forum","KENAI_WQX-10000425_07/22/2003_07:10:00","2003-07-22","07:10:00","AKDT","KENAI_WQX-10000425","STORET-56515795",NA,NA,"Benzene, toluene, ethyl benzene, xylenes mix","Volatile",0.49,"ug/l","Final","Calculated","602","USEPA","Purgeable Aromatics in Wastewater by GC",NA,"https://www.nemi.gov/methods/method_summary/5228/",NA,NA,"https://www.waterqualitydata.us/data/providers/STORET/organizations/KENAI_WQX/activities/KENAI_WQX-10000425_07%2F22%2F2003_07%3A10%3A00/results/56515795/resdetectqntlmts","STORET","KBL","m",82,"KBL_m_82.0","River/Stream","Kenai_Lake_Bridge",19020302,60.492,-149.81087,"Interpolation-Satellite","NAD83","US",2,122,NA,"82",203,"Summer",33.83586,NA,NA,NA,NA,NA,NA,NA,NA,NA,NA
"18","KENAI_WQX","Kenai Watershed Forum","KENAI_WQX-10000021_07/16/2002_12:49:00","2002-07-16","12:49:00","AKDT","KENAI_WQX-10000021","STORET-56516692",NA,NA,"Benzene, toluene, ethyl benzene, xylenes mix","Volatile",0.93,"ug/l","Final","Calculated","602","USEPA","Purgeable Aromatics in Wastewater by GC",NA,"https://www.nemi.gov/methods/method_summary/5228/",NA,NA,"https://www.waterqualitydata.us/data/providers/STORET/organizations/KENAI_WQX/activities/KENAI_WQX-10000021_07%2F16%2F2002_12%3A49%3A00/results/56516692/resdetectqntlmts","STORET","KBL","m",21,"KBL_m_21.0","River/Stream","Soldotna_Bridge",19020302,60.476634,-151.082099,"Interpolation-Satellite","NAD83","US",2,122,NA,"21",197,"Summer",29.57602,NA,NA,NA,NA,NA,NA,NA,NA,NA,NA
"19","KENAI_WQX","Kenai Watershed Forum","KENAI_WQX-10000022_07/29/2008_10:56:00","2008-07-29","10:56:00","AKST","KENAI_WQX-10000022","STORET-56454941",NA,NA,"Benzene, toluene, ethyl benzene, xylenes mix","Volatile",2.7,"ug/l","Final","Calculated","602","USEPA","Purgeable Aromatics in Wastewater by GC",NA,"https://www.nemi.gov/methods/method_summary/5228/",NA,NA,"https://www.waterqualitydata.us/data/providers/STORET/organizations/KENAI_WQX/activities/KENAI_WQX-10000022_07%2F29%2F2008_10%3A56%3A00/results/56454941/resdetectqntlmts","STORET","KBL","t",22,"KBL_t_22.0","River/Stream","Soldotna_Creek",19020302,60.483364,-151.057656,"Interpolation-Satellite","NAD83","US",2,122,"Soldotna Creek","Soldotna Creek",211,"Summer",54.13183,NA,NA,NA,NA,NA,NA,NA,NA,NA,NA
"20","KENAI_WQX","Kenai Watershed Forum","KENAI_WQX-10000018_2001-07-24_09:40:00","2001-07-24","09:40:00","AKDT","KENAI_WQX-10000018","STORET-56523945",NA,NA,"Benzene, toluene, ethyl benzene, xylenes mix","Volatile",3.25,"ug/l","Final","Calculated","602","USEPA","Purgeable Aromatics in Wastewater by GC",NA,"https://www.nemi.gov/methods/method_summary/5228/",NA,NA,"https://www.waterqualitydata.us/data/providers/STORET/organizations/KENAI_WQX/activities/KENAI_WQX-10000018_2001-07-24_09%3A40%3A00/results/56523945/resdetectqntlmts","STORET","KBL","m",18,"KBL_m_18.0","River/Stream","Poachers_Cove",19020302,60.502005,-151.106973,"Interpolation-Satellite","NAD83","US",2,122,NA,"18",205,"Summer",31.211171,NA,NA,NA,NA,NA,NA,NA,NA,NA,NA
"21","KENAI_WQX","Kenai Watershed Forum","KENAI_WQX-10000029_07/29/2008_10:09:00","2008-07-29","10:09:00","AKST","KENAI_WQX-10000029","STORET-56454995",NA,NA,"Benzene, toluene, ethyl benzene, xylenes mix","Volatile",3.7,"ug/l","Final","Calculated","602","USEPA","Purgeable Aromatics in Wastewater by GC",NA,"https://www.nemi.gov/methods/method_summary/5228/",NA,NA,"https://www.waterqualitydata.us/data/providers/STORET/organizations/KENAI_WQX/activities/KENAI_WQX-10000029_07%2F29%2F2008_10%3A09%3A00/results/56454995/resdetectqntlmts","STORET","KBL","t",44,"KBL_t_44.0","River/Stream","Killey_River",19020302,60.481518,-150.632498,"Interpolation-Satellite","NAD83","US",2,122,"Killey River","Killey River",211,"Summer",17.05218,NA,NA,NA,NA,NA,NA,NA,NA,NA,NA
"22","KENAI_WQX","Kenai Watershed Forum","KENAI_WQX-10000016_07/16/2002_13:02:00","2002-07-16","13:02:00","AKDT","KENAI_WQX-10000016","STORET-56516623",NA,NA,"Benzene, toluene, ethyl benzene, xylenes mix","Volatile",9.07,"ug/l","Final","Calculated","602","USEPA","Purgeable Aromatics in Wastewater by GC",NA,"https://www.nemi.gov/methods/method_summary/5228/",NA,NA,"https://www.waterqualitydata.us/data/providers/STORET/organizations/KENAI_WQX/activities/KENAI_WQX-10000016_07%2F16%2F2002_13%3A02%3A00/results/56516623/resdetectqntlmts","STORET","KBL","m",10.1,"KBL_m_10.1","River/Stream","Kenai_River_near_Beaver_creek",19020302,60.539279,-151.142263,"Interpolation-Satellite","NAD83","US",2,122,NA,"10.1",197,"Summer",30.42244,NA,NA,NA,NA,NA,NA,NA,NA,NA,NA
"23","KENAI_WQX","Kenai Watershed Forum","KENAI_WQX-10000026_07/22/2003_10:00:00","2003-07-22","10:00:00","AKDT","KENAI_WQX-10000026","STORET-56515956",NA,NA,"Benzene, toluene, ethyl benzene, xylenes mix","Volatile",0.52,"ug/l","Final","Calculated","602","USEPA","Purgeable Aromatics in Wastewater by GC",NA,"https://www.nemi.gov/methods/method_summary/5228/",NA,NA,"https://www.waterqualitydata.us/data/providers/STORET/organizations/KENAI_WQX/activities/KENAI_WQX-10000026_07%2F22%2F2003_10%3A00%3A00/results/56515956/resdetectqntlmts","STORET","KBL","t",36,"KBL_t_36.0","River/Stream","Moose_River",19020302,60.53687,-150.754724,"Interpolation-Satellite","NAD83","US",2,122,"Moose River","Moose River",203,"Summer",78.4635,NA,NA,NA,NA,NA,NA,NA,NA,NA,NA
"24","KENAI_WQX","Kenai Watershed Forum","KENAI_WQX-10000021_07/18/2000_09:30:00","2000-07-18","09:30:00","AKDT","KENAI_WQX-10000021","STORET-56950016",NA,NA,"Benzene, toluene, ethyl benzene, xylenes mix","Volatile",0.62,"ug/l","Final","Calculated","602","USEPA","Purgeable Aromatics in Wastewater by GC",NA,"https://www.nemi.gov/methods/method_summary/5228/",NA,NA,"https://www.waterqualitydata.us/data/providers/STORET/organizations/KENAI_WQX/activities/KENAI_WQX-10000021_07%2F18%2F2000_09%3A30%3A00/results/56950016/resdetectqntlmts","STORET","KBL","m",21,"KBL_m_21.0","River/Stream","Soldotna_Bridge",19020302,60.476634,-151.082099,"Interpolation-Satellite","NAD83","US",2,122,NA,"21",200,"Summer",29.45075,NA,NA,NA,NA,NA,NA,NA,NA,NA,NA
"25","KENAI_WQX","Kenai Watershed Forum","KENAI_WQX-10000005_07/29/2008_09:30:00","2008-07-29","09:30:00","AKST","KENAI_WQX-10000005","STORET-56455085",NA,NA,"Benzene, toluene, ethyl benzene, xylenes mix","Volatile",1.3,"ug/l","Final","Calculated","602","USEPA","Purgeable Aromatics in Wastewater by GC",NA,"https://www.nemi.gov/methods/method_summary/5228/",NA,NA,"https://www.waterqualitydata.us/data/providers/STORET/organizations/KENAI_WQX/activities/KENAI_WQX-10000005_07%2F29%2F2008_09%3A30%3A00/results/56455085/resdetectqntlmts","STORET","KBL","m",6.5,"KBL_m_06.5","River/Stream","Cunningham_Park",19020302,60.54081,-151.18278,"Interpolation-Satellite","NAD83","US",2,122,NA,"6.5",211,"Summer",31.2488,NA,NA,NA,NA,NA,NA,NA,NA,NA,NA
"26","KENAI_WQX","Kenai Watershed Forum","KENAI_WQX-10000016_07/20/2004_11:25:00","2004-07-20","11:25:00","AKDT","KENAI_WQX-10000016","STORET-56514552",NA,NA,"Benzene, toluene, ethyl benzene, xylenes mix","Volatile",7.2,"ug/l","Final","Calculated","602","USEPA","Purgeable Aromatics in Wastewater by GC",NA,"https://www.nemi.gov/methods/method_summary/5228/",NA,NA,"https://www.waterqualitydata.us/data/providers/STORET/organizations/KENAI_WQX/activities/KENAI_WQX-10000016_07%2F20%2F2004_11%3A25%3A00/results/56514552/resdetectqntlmts","STORET","KBL","m",10.1,"KBL_m_10.1","River/Stream","Kenai_River_near_Beaver_creek",19020302,60.539279,-151.142263,"Interpolation-Satellite","NAD83","US",2,122,NA,"10.1",202,"Summer",31.00166,NA,NA,NA,NA,NA,NA,NA,NA,NA,NA
"27","KENAI_WQX","Kenai Watershed Forum","KENAI_WQX-10000016_07/20/2004_11:15:00","2004-07-20","11:15:00","AKDT","KENAI_WQX-10000016","STORET-56514529",NA,NA,"Benzene, toluene, ethyl benzene, xylenes mix","Volatile",2.8,"ug/l","Final","Calculated","602","USEPA","Purgeable Aromatics in Wastewater by GC",NA,"https://www.nemi.gov/methods/method_summary/5228/",NA,NA,"https://www.waterqualitydata.us/data/providers/STORET/organizations/KENAI_WQX/activities/KENAI_WQX-10000016_07%2F20%2F2004_11%3A15%3A00/results/56514529/resdetectqntlmts","STORET","KBL","m",10.1,"KBL_m_10.1","River/Stream","Kenai_River_near_Beaver_creek",19020302,60.539279,-151.142263,"Interpolation-Satellite","NAD83","US",2,122,NA,"10.1",202,"Summer",30.46107,NA,NA,NA,NA,NA,NA,NA,NA,NA,NA
"28","KENAI_WQX","Kenai Watershed Forum","KENAI_WQX-10000005_2001-07-24_10:40:00","2001-07-24","10:40:00","AKDT","KENAI_WQX-10000005","STORET-56523876",NA,NA,"Benzene, toluene, ethyl benzene, xylenes mix","Volatile",11.85,"ug/l","Final","Calculated","602","USEPA","Purgeable Aromatics in Wastewater by GC",NA,"https://www.nemi.gov/methods/method_summary/5228/",NA,NA,"https://www.waterqualitydata.us/data/providers/STORET/organizations/KENAI_WQX/activities/KENAI_WQX-10000005_2001-07-24_10%3A40%3A00/results/56523876/resdetectqntlmts","STORET","KBL","m",6.5,"KBL_m_06.5","River/Stream","Cunningham_Park",19020302,60.54081,-151.18278,"Interpolation-Satellite","NAD83","US",2,122,NA,"6.5",205,"Summer",31.9979,NA,NA,NA,NA,NA,NA,NA,NA,NA,NA
"29","KENAI_WQX","Kenai Watershed Forum","KENAI_WQX-10000005_07/20/2004_10:40:00","2004-07-20","10:40:00","AKDT","KENAI_WQX-10000005","STORET-56514506",NA,NA,"Benzene, toluene, ethyl benzene, xylenes mix","Volatile",6.4,"ug/l","Final","Calculated","602","USEPA","Purgeable Aromatics in Wastewater by GC",NA,"https://www.nemi.gov/methods/method_summary/5228/",NA,NA,"https://www.waterqualitydata.us/data/providers/STORET/organizations/KENAI_WQX/activities/KENAI_WQX-10000005_07%2F20%2F2004_10%3A40%3A00/results/56514506/resdetectqntlmts","STORET","KBL","m",6.5,"KBL_m_06.5","River/Stream","Cunningham_Park",19020302,60.54081,-151.18278,"Interpolation-Satellite","NAD83","US",2,122,NA,"6.5",202,"Summer",44.84895,NA,NA,NA,NA,NA,NA,NA,NA,NA,NA
"30","KENAI_WQX","Kenai Watershed Forum","KENAI_WQX-10000005_2009-07-21_10:45:00","2009-07-21","10:45:00","AKDT","KENAI_WQX-10000005","STORET-56412322",NA,NA,"Benzene, toluene, ethyl benzene, xylenes mix","Volatile",0.75,"ug/l","Final","Calculated","624","USEPA","Purgeable Organics in Wastewater",NA,"https://www.nemi.gov/methods/method_summary/5249/",NA,NA,"https://www.waterqualitydata.us/data/providers/STORET/organizations/KENAI_WQX/activities/KENAI_WQX-10000005_2009-07-21_10%3A45%3A00/results/56412322/resdetectqntlmts","STORET","KBL","m",6.5,"KBL_m_06.5","River/Stream","Cunningham_Park",19020302,60.54081,-151.18278,"Interpolation-Satellite","NAD83","US",2,122,NA,"6.5",202,"Summer",32.66206,NA,NA,NA,NA,NA,NA,NA,NA,NA,NA
"31","KENAI_WQX","Kenai Watershed Forum","KENAI_WQX-10000005_07/22/2003_07:30:00","2003-07-22","07:30:00","AKDT","KENAI_WQX-10000005","STORET-56515519",NA,NA,"Benzene, toluene, ethyl benzene, xylenes mix","Volatile",4.06,"ug/l","Final","Calculated","602","USEPA","Purgeable Aromatics in Wastewater by GC",NA,"https://www.nemi.gov/methods/method_summary/5228/",NA,NA,"https://www.waterqualitydata.us/data/providers/STORET/organizations/KENAI_WQX/activities/KENAI_WQX-10000005_07%2F22%2F2003_07%3A30%3A00/results/56515519/resdetectqntlmts","STORET","KBL","m",6.5,"KBL_m_06.5","River/Stream","Cunningham_Park",19020302,60.54081,-151.18278,"Interpolation-Satellite","NAD83","US",2,122,NA,"6.5",203,"Summer",32.7961,NA,NA,NA,NA,NA,NA,NA,NA,NA,NA
"32","KENAI_WQX","Kenai Watershed Forum","KENAI_WQX-10000017_2001-07-24_10:00:00","2001-07-24","10:00:00","AKDT","KENAI_WQX-10000017","STORET-56523922",NA,NA,"Benzene, toluene, ethyl benzene, xylenes mix","Volatile",6.18,"ug/l","Final","Calculated","602","USEPA","Purgeable Aromatics in Wastewater by GC",NA,"https://www.nemi.gov/methods/method_summary/5228/",NA,NA,"https://www.waterqualitydata.us/data/providers/STORET/organizations/KENAI_WQX/activities/KENAI_WQX-10000017_2001-07-24_10%3A00%3A00/results/56523922/resdetectqntlmts","STORET","KBL","m",12.5,"KBL_m_12.5","River/Stream","Pillars",19020302,60.533743,-151.099258,"Interpolation-Satellite","NAD83","US",2,122,NA,"12.5",205,"Summer",29.002501,NA,NA,NA,NA,NA,NA,NA,NA,NA,NA
"33","KENAI_WQX","Kenai Watershed Forum","KENAI_WQX-10000002_2001-07-24_11:18:00","2001-07-24","11:18:00","AKDT","KENAI_WQX-10000002","STORET-56523853",NA,NA,"Benzene, toluene, ethyl benzene, xylenes mix","Volatile",9.24,"ug/l","Final","Calculated","602","USEPA","Purgeable Aromatics in Wastewater by GC",NA,"https://www.nemi.gov/methods/method_summary/5228/",NA,NA,"https://www.waterqualitydata.us/data/providers/STORET/organizations/KENAI_WQX/activities/KENAI_WQX-10000002_2001-07-24_11%3A18%3A00/results/56523853/resdetectqntlmts","STORET","KBL","m",1.5,"KBL_m_01.5","River/Stream","City_of_Kenai_Docks",19020302,60.54368,-151.22294,"Interpolation-Satellite","NAD83","US",2,122,NA,"1.5",205,"Summer",70.3558,NA,NA,NA,NA,NA,NA,NA,NA,NA,NA
"34","KENAI_WQX","Kenai Watershed Forum","KENAI_WQX-10000021_07/22/2003_11:30:00","2003-07-22","11:30:00","AKDT","KENAI_WQX-10000021","STORET-56515634",NA,NA,"Benzene, toluene, ethyl benzene, xylenes mix","Volatile",0.4,"ug/l","Final","Calculated","602","USEPA","Purgeable Aromatics in Wastewater by GC",NA,"https://www.nemi.gov/methods/method_summary/5228/",NA,NA,"https://www.waterqualitydata.us/data/providers/STORET/organizations/KENAI_WQX/activities/KENAI_WQX-10000021_07%2F22%2F2003_11%3A30%3A00/results/56515634/resdetectqntlmts","STORET","KBL","m",21,"KBL_m_21.0","River/Stream","Soldotna_Bridge",19020302,60.476634,-151.082099,"Interpolation-Satellite","NAD83","US",2,122,NA,"21",203,"Summer",27.8405,NA,NA,NA,NA,NA,NA,NA,NA,NA,NA
"35","KENAI_WQX","Kenai Watershed Forum","KENAI_WQX-10000016_07/22/2003_09:25:00","2003-07-22","09:25:00","AKDT","KENAI_WQX-10000016","STORET-56515542",NA,NA,"Benzene, toluene, ethyl benzene, xylenes mix","Volatile",7.47,"ug/l","Final","Calculated","602","USEPA","Purgeable Aromatics in Wastewater by GC",NA,"https://www.nemi.gov/methods/method_summary/5228/",NA,NA,"https://www.waterqualitydata.us/data/providers/STORET/organizations/KENAI_WQX/activities/KENAI_WQX-10000016_07%2F22%2F2003_09%3A25%3A00/results/56515542/resdetectqntlmts","STORET","KBL","m",10.1,"KBL_m_10.1","River/Stream","Kenai_River_near_Beaver_creek",19020302,60.539279,-151.142263,"Interpolation-Satellite","NAD83","US",2,122,NA,"10.1",203,"Summer",28.5021,NA,NA,NA,NA,NA,NA,NA,NA,NA,NA
"36","KENAI_WQX","Kenai Watershed Forum","KENAI_WQX-10000023_2001-07-24_12:28:00","2001-07-24","12:28:00","AKDT","KENAI_WQX-10000023","STORET-56523991",NA,NA,"Benzene, toluene, ethyl benzene, xylenes mix","Volatile",0.67,"ug/l","Final","Calculated","602","USEPA","Purgeable Aromatics in Wastewater by GC",NA,"https://www.nemi.gov/methods/method_summary/5228/",NA,NA,"https://www.waterqualitydata.us/data/providers/STORET/organizations/KENAI_WQX/activities/KENAI_WQX-10000023_2001-07-24_12%3A28%3A00/results/56523991/resdetectqntlmts","STORET","KBL","m",23,"KBL_m_23.0","River/Stream","Swiftwater_Park",19020302,60.480338,-151.030847,"Interpolation-Satellite","NAD83","US",2,122,NA,"23",205,"Summer",31.586,NA,NA,NA,NA,NA,NA,NA,NA,NA,NA
"37","KENAI_WQX","Kenai Watershed Forum","KENAI_WQX-10000022_2009-07-21_12:45:00","2009-07-21","12:45:00","AKDT","KENAI_WQX-10000022","STORET-56412690",NA,NA,"Benzene, toluene, ethyl benzene, xylenes mix","Volatile",0.66,"ug/l","Final","Calculated","624","USEPA","Purgeable Organics in Wastewater",NA,"https://www.nemi.gov/methods/method_summary/5249/",NA,NA,"https://www.waterqualitydata.us/data/providers/STORET/organizations/KENAI_WQX/activities/KENAI_WQX-10000022_2009-07-21_12%3A45%3A00/results/56412690/resdetectqntlmts","STORET","KBL","t",22,"KBL_t_22.0","River/Stream","Soldotna_Creek",19020302,60.483364,-151.057656,"Interpolation-Satellite","NAD83","US",2,122,"Soldotna Creek","Soldotna Creek",202,"Summer",77.72766,NA,NA,NA,NA,NA,NA,NA,NA,NA,NA
"38","KENAI_WQX","Kenai Watershed Forum","KENAI_WQX-10000023_07/16/2002_13:25:00","2002-07-16","13:25:00","AKDT","KENAI_WQX-10000023","STORET-56516715",NA,NA,"Benzene, toluene, ethyl benzene, xylenes mix","Volatile",0.85,"ug/l","Final","Calculated","602","USEPA","Purgeable Aromatics in Wastewater by GC",NA,"https://www.nemi.gov/methods/method_summary/5228/",NA,NA,"https://www.waterqualitydata.us/data/providers/STORET/organizations/KENAI_WQX/activities/KENAI_WQX-10000023_07%2F16%2F2002_13%3A25%3A00/results/56516715/resdetectqntlmts","STORET","KBL","m",23,"KBL_m_23.0","River/Stream","Swiftwater_Park",19020302,60.480338,-151.030847,"Interpolation-Satellite","NAD83","US",2,122,NA,"23",197,"Summer",29.31885,NA,NA,NA,NA,NA,NA,NA,NA,NA,NA
"39","KENAI_WQX","Kenai Watershed Forum","KENAI_WQX-10000026_07/20/2004_09:39:00","2004-07-20","09:39:00","AKDT","KENAI_WQX-10000026","STORET-56514921",NA,NA,"Benzene, toluene, ethyl benzene, xylenes mix","Volatile",1.6,"ug/l","Final","Calculated","602","USEPA","Purgeable Aromatics in Wastewater by GC",NA,"https://www.nemi.gov/methods/method_summary/5228/",NA,NA,"https://www.waterqualitydata.us/data/providers/STORET/organizations/KENAI_WQX/activities/KENAI_WQX-10000026_07%2F20%2F2004_09%3A39%3A00/results/56514921/resdetectqntlmts","STORET","KBL","t",36,"KBL_t_36.0","River/Stream","Moose_River",19020302,60.53687,-150.754724,"Interpolation-Satellite","NAD83","US",2,122,"Moose River","Moose River",202,"Summer",81.30794,NA,NA,NA,NA,NA,NA,NA,NA,NA,NA
"40","KENAI_WQX","Kenai Watershed Forum","KENAI_WQX-10000021_2001-07-24_12:03:00","2001-07-24","12:03:00","AKDT","KENAI_WQX-10000021","STORET-56523968",NA,NA,"Benzene, toluene, ethyl benzene, xylenes mix","Volatile",0.84,"ug/l","Final","Calculated","602","USEPA","Purgeable Aromatics in Wastewater by GC",NA,"https://www.nemi.gov/methods/method_summary/5228/",NA,NA,"https://www.waterqualitydata.us/data/providers/STORET/organizations/KENAI_WQX/activities/KENAI_WQX-10000021_2001-07-24_12%3A03%3A00/results/56523968/resdetectqntlmts","STORET","KBL","m",21,"KBL_m_21.0","River/Stream","Soldotna_Bridge",19020302,60.476634,-151.082099,"Interpolation-Satellite","NAD83","US",2,122,NA,"21",205,"Summer",29.089,NA,NA,NA,NA,NA,NA,NA,NA,NA,NA
"41","KENAI_WQX","Kenai Watershed Forum","KENAI_WQX-10000002_07/17/2007_12:24:00","2007-07-17","12:24:00","AKDT","KENAI_WQX-10000002","STORET-56487555",NA,NA,"Benzene, toluene, ethyl benzene, xylenes mix","Volatile",2.3,"ug/l","Final","Calculated","602","USEPA","Purgeable Aromatics in Wastewater by GC",NA,"https://www.nemi.gov/methods/method_summary/5228/",NA,NA,"https://www.waterqualitydata.us/data/providers/STORET/organizations/KENAI_WQX/activities/KENAI_WQX-10000002_07%2F17%2F2007_12%3A24%3A00/results/56487555/resdetectqntlmts","STORET","KBL","m",1.5,"KBL_m_01.5","River/Stream","City_of_Kenai_Docks",19020302,60.54368,-151.22294,"Interpolation-Satellite","NAD83","US",2,122,NA,"1.5",198,"Summer",26.862784,NA,NA,NA,NA,NA,NA,NA,NA,NA,NA
"42","KENAI_WQX","Kenai Watershed Forum","KENAI_WQX-10000015_07/26/2005_14:02:00","2005-07-26","14:02:00","AKDT","KENAI_WQX-10000015","STORET-56498603",NA,NA,"Benzene, toluene, ethyl benzene, xylenes mix","Volatile",1.3,"ug/l","Final","Calculated","602","USEPA","Purgeable Aromatics in Wastewater by GC",NA,"https://www.nemi.gov/methods/method_summary/5228/",NA,NA,"https://www.waterqualitydata.us/data/providers/STORET/organizations/KENAI_WQX/activities/KENAI_WQX-10000015_07%2F26%2F2005_14%3A02%3A00/results/56498603/resdetectqntlmts","STORET","KBL","t",10,"KBL_t_10.0","River/Stream","Beaver_Creek",19020302,60.548029,-151.14324,"Interpolation-Satellite","NAD83","US",2,122,"Beaver Creek","Beaver Creek",207,"Summer",71.83214,NA,NA,NA,NA,NA,NA,NA,NA,NA,NA
"43","KENAI_WQX","Kenai Watershed Forum","KENAI_WQX-10000005_07/26/2005_14:48:00","2005-07-26","14:48:00","AKDT","KENAI_WQX-10000005","STORET-56498258",NA,NA,"Benzene, toluene, ethyl benzene, xylenes mix","Volatile",3.5,"ug/l","Final","Calculated","602","USEPA","Purgeable Aromatics in Wastewater by GC",NA,"https://www.nemi.gov/methods/method_summary/5228/",NA,NA,"https://www.waterqualitydata.us/data/providers/STORET/organizations/KENAI_WQX/activities/KENAI_WQX-10000005_07%2F26%2F2005_14%3A48%3A00/results/56498258/resdetectqntlmts","STORET","KBL","m",6.5,"KBL_m_06.5","River/Stream","Cunningham_Park",19020302,60.54081,-151.18278,"Interpolation-Satellite","NAD83","US",2,122,NA,"6.5",207,"Summer",27.138501,NA,NA,NA,NA,NA,NA,NA,NA,NA,NA
"44","KENAI_WQX","Kenai Watershed Forum","KENAI_WQX-10000017_07/25/2006_09:20:00","2006-07-25","09:20:00","AKDT","KENAI_WQX-10000017","STORET-56497417",NA,NA,"Benzene, toluene, ethyl benzene, xylenes mix","Volatile",2.2,"ug/l","Final","Calculated","602","USEPA","Purgeable Aromatics in Wastewater by GC",NA,"https://www.nemi.gov/methods/method_summary/5228/",NA,NA,"https://www.waterqualitydata.us/data/providers/STORET/organizations/KENAI_WQX/activities/KENAI_WQX-10000017_07%2F25%2F2006_09%3A20%3A00/results/56497417/resdetectqntlmts","STORET","KBL","m",12.5,"KBL_m_12.5","River/Stream","Pillars",19020302,60.533743,-151.099258,"Interpolation-Satellite","NAD83","US",2,122,NA,"12.5",206,"Summer",30.52937,NA,NA,NA,NA,NA,NA,NA,NA,NA,NA
"45","KENAI_WQX","Kenai Watershed Forum","KENAI_WQX-10000025_07/16/2002_10:52:00","2002-07-16","10:52:00","AKDT","KENAI_WQX-10000025","STORET-56516738",NA,NA,"Benzene, toluene, ethyl benzene, xylenes mix","Volatile",0.66,"ug/l","Final","Calculated","602","USEPA","Purgeable Aromatics in Wastewater by GC",NA,"https://www.nemi.gov/methods/method_summary/5228/",NA,NA,"https://www.waterqualitydata.us/data/providers/STORET/organizations/KENAI_WQX/activities/KENAI_WQX-10000025_07%2F16%2F2002_10%3A52%3A00/results/56516738/resdetectqntlmts","STORET","KBL","m",31,"KBL_m_31.0","River/Stream","Morgans_Landing",19020302,60.498284,-150.863121,"Interpolation-Satellite","NAD83","US",2,122,NA,"31",197,"Summer",26.80819,NA,NA,NA,NA,NA,NA,NA,NA,NA,NA
"46","KENAI_WQX","Kenai Watershed Forum","KENAI_WQX-10000017_07/17/2007_10:20:00","2007-07-17","10:20:00","AKDT","KENAI_WQX-10000017","STORET-56487740",NA,NA,"Benzene, toluene, ethyl benzene, xylenes mix","Volatile",1.8,"ug/l","Final","Calculated","602","USEPA","Purgeable Aromatics in Wastewater by GC",NA,"https://www.nemi.gov/methods/method_summary/5228/",NA,NA,"https://www.waterqualitydata.us/data/providers/STORET/organizations/KENAI_WQX/activities/KENAI_WQX-10000017_07%2F17%2F2007_10%3A20%3A00/results/56487740/resdetectqntlmts","STORET","KBL","m",12.5,"KBL_m_12.5","River/Stream","Pillars",19020302,60.533743,-151.099258,"Interpolation-Satellite","NAD83","US",2,122,NA,"12.5",198,"Summer",33.34311,NA,NA,NA,NA,NA,NA,NA,NA,NA,NA
"47","KENAI_WQX","Kenai Watershed Forum","KENAI_WQX-10000018_07/16/2002_11:49:00","2002-07-16","11:49:00","AKDT","KENAI_WQX-10000018","STORET-56516669",NA,NA,"Benzene, toluene, ethyl benzene, xylenes mix","Volatile",1.23,"ug/l","Final","Calculated","602","USEPA","Purgeable Aromatics in Wastewater by GC",NA,"https://www.nemi.gov/methods/method_summary/5228/",NA,NA,"https://www.waterqualitydata.us/data/providers/STORET/organizations/KENAI_WQX/activities/KENAI_WQX-10000018_07%2F16%2F2002_11%3A49%3A00/results/56516669/resdetectqntlmts","STORET","KBL","m",18,"KBL_m_18.0","River/Stream","Poachers_Cove",19020302,60.502005,-151.106973,"Interpolation-Satellite","NAD83","US",2,122,NA,"18",197,"Summer",29.71709,NA,NA,NA,NA,NA,NA,NA,NA,NA,NA
"48","KENAI_WQX","Kenai Watershed Forum","KENAI_WQX-10000015_07/16/2002_13:46:00","2002-07-16","13:46:00","AKDT","KENAI_WQX-10000015","STORET-56516899",NA,NA,"Benzene, toluene, ethyl benzene, xylenes mix","Volatile",0.47,"ug/l","Final","Calculated","602","USEPA","Purgeable Aromatics in Wastewater by GC",NA,"https://www.nemi.gov/methods/method_summary/5228/",NA,NA,"https://www.waterqualitydata.us/data/providers/STORET/organizations/KENAI_WQX/activities/KENAI_WQX-10000015_07%2F16%2F2002_13%3A46%3A00/results/56516899/resdetectqntlmts","STORET","KBL","t",10,"KBL_t_10.0","River/Stream","Beaver_Creek",19020302,60.548029,-151.14324,"Interpolation-Satellite","NAD83","US",2,122,"Beaver Creek","Beaver Creek",197,"Summer",64.39173,NA,NA,NA,NA,NA,NA,NA,NA,NA,NA
"49","KENAI_WQX","Kenai Watershed Forum","KENAI_WQX-10000026_07/20/2004_09:39:00","2004-07-20","09:39:00","AKDT","KENAI_WQX-10000026","STORET-56514920",NA,NA,"Benzene, toluene, ethyl benzene, xylenes mix","Volatile",1.6,"ug/l","Final","Calculated","602","USEPA","Purgeable Aromatics in Wastewater by GC",NA,"https://www.nemi.gov/methods/method_summary/5228/",NA,NA,"https://www.waterqualitydata.us/data/providers/STORET/organizations/KENAI_WQX/activities/KENAI_WQX-10000026_07%2F20%2F2004_09%3A39%3A00/results/56514920/resdetectqntlmts","STORET","KBL","t",36,"KBL_t_36.0","River/Stream","Moose_River",19020302,60.53687,-150.754724,"Interpolation-Satellite","NAD83","US",2,122,"Moose River","Moose River",202,"Summer",81.30794,NA,NA,NA,NA,NA,NA,NA,NA,NA,NA
"50","KENAI_WQX","Kenai Watershed Forum","KENAI_WQX-10000026_07/16/2002_09:45:00","2002-07-16","09:45:00","AKDT","KENAI_WQX-10000026","STORET-56517014",NA,NA,"Benzene, toluene, ethyl benzene, xylenes mix","Volatile",6.65,"ug/l","Final","Calculated","602","USEPA","Purgeable Aromatics in Wastewater by GC",NA,"https://www.nemi.gov/methods/method_summary/5228/",NA,NA,"https://www.waterqualitydata.us/data/providers/STORET/organizations/KENAI_WQX/activities/KENAI_WQX-10000026_07%2F16%2F2002_09%3A45%3A00/results/56517014/resdetectqntlmts","STORET","KBL","t",36,"KBL_t_36.0","River/Stream","Moose_River",19020302,60.53687,-150.754724,"Interpolation-Satellite","NAD83","US",2,122,"Moose River","Moose River",197,"Summer",71.69982,NA,NA,NA,NA,NA,NA,NA,NA,NA,NA
"51","KENAI_WQX","Kenai Watershed Forum","KENAI_WQX-10000016_2009-07-21_11:50:00","2009-07-21","11:50:00","AKDT","KENAI_WQX-10000016","STORET-56412345",NA,NA,"Benzene, toluene, ethyl benzene, xylenes mix","Volatile",0.61,"ug/l","Final","Calculated","624","USEPA","Purgeable Organics in Wastewater",NA,"https://www.nemi.gov/methods/method_summary/5249/",NA,NA,"https://www.waterqualitydata.us/data/providers/STORET/organizations/KENAI_WQX/activities/KENAI_WQX-10000016_2009-07-21_11%3A50%3A00/results/56412345/resdetectqntlmts","STORET","KBL","m",10.1,"KBL_m_10.1","River/Stream","Kenai_River_near_Beaver_creek",19020302,60.539279,-151.142263,"Interpolation-Satellite","NAD83","US",2,122,NA,"10.1",202,"Summer",31.79195,NA,NA,NA,NA,NA,NA,NA,NA,NA,NA
"52","KENAI_WQX","Kenai Watershed Forum","KENAI_WQX-10000017_2009-07-21_10:00:00","2009-07-21","10:00:00","AKDT","KENAI_WQX-10000017","STORET-56412368",NA,NA,"Benzene, toluene, ethyl benzene, xylenes mix","Volatile",0.59,"ug/l","Final","Calculated","624","USEPA","Purgeable Organics in Wastewater",NA,"https://www.nemi.gov/methods/method_summary/5249/",NA,NA,"https://www.waterqualitydata.us/data/providers/STORET/organizations/KENAI_WQX/activities/KENAI_WQX-10000017_2009-07-21_10%3A00%3A00/results/56412368/resdetectqntlmts","STORET","KBL","m",12.5,"KBL_m_12.5","River/Stream","Pillars",19020302,60.533743,-151.099258,"Interpolation-Satellite","NAD83","US",2,122,NA,"12.5",202,"Summer",30.62839,NA,NA,NA,NA,NA,NA,NA,NA,NA,NA
"53","KENAI_WQX","Kenai Watershed Forum","KENAI_WQX-10000027_2001-07-24_10:05:00","2001-07-24","10:05:00","AKDT","KENAI_WQX-10000027","STORET-56524037",NA,NA,"Benzene, toluene, ethyl benzene, xylenes mix","Volatile",1,"ug/l","Final","Calculated","602","USEPA","Purgeable Aromatics in Wastewater by GC",NA,"https://www.nemi.gov/methods/method_summary/5228/",NA,NA,"https://www.waterqualitydata.us/data/providers/STORET/organizations/KENAI_WQX/activities/KENAI_WQX-10000027_2001-07-24_10%3A05%3A00/results/56524037/resdetectqntlmts","STORET","KBL","m",40,"KBL_m_40.0","River/Stream","Bings_Landing",19020302,60.515441,-150.702069,"Interpolation-Satellite","NAD83","US",2,122,NA,"40",205,"Summer",28.870693,NA,NA,NA,NA,NA,NA,NA,NA,NA,NA
"54","KENAI_WQX","Kenai Watershed Forum","KENAI_WQX-10000017_07/16/2002_12:30:00","2002-07-16","12:30:00","AKDT","KENAI_WQX-10000017","STORET-56516646",NA,NA,"Benzene, toluene, ethyl benzene, xylenes mix","Volatile",6.34,"ug/l","Final","Calculated","602","USEPA","Purgeable Aromatics in Wastewater by GC",NA,"https://www.nemi.gov/methods/method_summary/5228/",NA,NA,"https://www.waterqualitydata.us/data/providers/STORET/organizations/KENAI_WQX/activities/KENAI_WQX-10000017_07%2F16%2F2002_12%3A30%3A00/results/56516646/resdetectqntlmts","STORET","KBL","m",12.5,"KBL_m_12.5","River/Stream","Pillars",19020302,60.533743,-151.099258,"Interpolation-Satellite","NAD83","US",2,122,NA,"12.5",197,"Summer",29.48361,NA,NA,NA,NA,NA,NA,NA,NA,NA,NA
"55","KENAI_WQX","Kenai Watershed Forum","KENAI_WQX-10000017_07/22/2003_10:10:00","2003-07-22","10:10:00","AKDT","KENAI_WQX-10000017","STORET-56515588",NA,NA,"Benzene, toluene, ethyl benzene, xylenes mix","Volatile",4.72,"ug/l","Final","Calculated","602","USEPA","Purgeable Aromatics in Wastewater by GC",NA,"https://www.nemi.gov/methods/method_summary/5228/",NA,NA,"https://www.waterqualitydata.us/data/providers/STORET/organizations/KENAI_WQX/activities/KENAI_WQX-10000017_07%2F22%2F2003_10%3A10%3A00/results/56515588/resdetectqntlmts","STORET","KBL","m",12.5,"KBL_m_12.5","River/Stream","Pillars",19020302,60.533743,-151.099258,"Interpolation-Satellite","NAD83","US",2,122,NA,"12.5",203,"Summer",28.3399,NA,NA,NA,NA,NA,NA,NA,NA,NA,NA
"56","KENAI_WQX","Kenai Watershed Forum","KENAI_WQX-10000005_07/18/2000_11:30:00","2000-07-18","11:30:00","AKDT","KENAI_WQX-10000005","STORET-56949924",NA,NA,"Benzene, toluene, ethyl benzene, xylenes mix","Volatile",12.11,"ug/l","Final","Calculated","602","USEPA","Purgeable Aromatics in Wastewater by GC",NA,"https://www.nemi.gov/methods/method_summary/5228/",NA,NA,"https://www.waterqualitydata.us/data/providers/STORET/organizations/KENAI_WQX/activities/KENAI_WQX-10000005_07%2F18%2F2000_11%3A30%3A00/results/56949924/resdetectqntlmts","STORET","KBL","m",6.5,"KBL_m_06.5","River/Stream","Cunningham_Park",19020302,60.54081,-151.18278,"Interpolation-Satellite","NAD83","US",2,122,NA,"6.5",200,"Summer",30.11214,NA,NA,NA,NA,NA,NA,NA,NA,NA,NA
"57","KENAI_WQX","Kenai Watershed Forum","KENAI_WQX-10000005_07/25/2006_11:00:00","2006-07-25","11:00:00","AKDT","KENAI_WQX-10000005","STORET-56497371",NA,NA,"Benzene, toluene, ethyl benzene, xylenes mix","Volatile",8.1,"ug/l","Final","Calculated","602","USEPA","Purgeable Aromatics in Wastewater by GC",NA,"https://www.nemi.gov/methods/method_summary/5228/",NA,NA,"https://www.waterqualitydata.us/data/providers/STORET/organizations/KENAI_WQX/activities/KENAI_WQX-10000005_07%2F25%2F2006_11%3A00%3A00/results/56497371/resdetectqntlmts","STORET","KBL","m",6.5,"KBL_m_06.5","River/Stream","Cunningham_Park",19020302,60.54081,-151.18278,"Interpolation-Satellite","NAD83","US",2,122,NA,"6.5",206,"Summer",34.12442,NA,NA,NA,NA,NA,NA,NA,NA,NA,NA
"58","KENAI_WQX","Kenai Watershed Forum","KENAI_WQX-10000017_07/26/2005_13:02:00","2005-07-26","13:02:00","AKDT","KENAI_WQX-10000017","STORET-56498304",NA,NA,"Benzene, toluene, ethyl benzene, xylenes mix","Volatile",2.1,"ug/l","Final","Calculated","602","USEPA","Purgeable Aromatics in Wastewater by GC",NA,"https://www.nemi.gov/methods/method_summary/5228/",NA,NA,"https://www.waterqualitydata.us/data/providers/STORET/organizations/KENAI_WQX/activities/KENAI_WQX-10000017_07%2F26%2F2005_13%3A02%3A00/results/56498304/resdetectqntlmts","STORET","KBL","m",12.5,"KBL_m_12.5","River/Stream","Pillars",19020302,60.533743,-151.099258,"Interpolation-Satellite","NAD83","US",2,122,NA,"12.5",207,"Summer",26.053202,NA,NA,NA,NA,NA,NA,NA,NA,NA,NA
"59","KENAI_WQX","Kenai Watershed Forum","KENAI_WQX-10000005_07/16/2002_14:25:00","2002-07-16","14:25:00","AKDT","KENAI_WQX-10000005","STORET-56516600",NA,NA,"Benzene, toluene, ethyl benzene, xylenes mix","Volatile",7.95,"ug/l","Final","Calculated","602","USEPA","Purgeable Aromatics in Wastewater by GC",NA,"https://www.nemi.gov/methods/method_summary/5228/",NA,NA,"https://www.waterqualitydata.us/data/providers/STORET/organizations/KENAI_WQX/activities/KENAI_WQX-10000005_07%2F16%2F2002_14%3A25%3A00/results/56516600/resdetectqntlmts","STORET","KBL","m",6.5,"KBL_m_06.5","River/Stream","Cunningham_Park",19020302,60.54081,-151.18278,"Interpolation-Satellite","NAD83","US",2,122,NA,"6.5",197,"Summer",44.41038,NA,NA,NA,NA,NA,NA,NA,NA,NA,NA
"60","KENAI_WQX","Kenai Watershed Forum","KENAI_WQX-10000005_07/17/2007_12:05:00","2007-07-17","12:05:00","AKDT","KENAI_WQX-10000005","STORET-56487617",NA,NA,"Benzene, toluene, ethyl benzene, xylenes mix","Volatile",6.1,"ug/l","Final","Calculated","602","USEPA","Purgeable Aromatics in Wastewater by GC",NA,"https://www.nemi.gov/methods/method_summary/5228/",NA,NA,"https://www.waterqualitydata.us/data/providers/STORET/organizations/KENAI_WQX/activities/KENAI_WQX-10000005_07%2F17%2F2007_12%3A05%3A00/results/56487617/resdetectqntlmts","STORET","KBL","m",6.5,"KBL_m_06.5","River/Stream","Cunningham_Park",19020302,60.54081,-151.18278,"Interpolation-Satellite","NAD83","US",2,122,NA,"6.5",198,"Summer",61.95212,NA,NA,NA,NA,NA,NA,NA,NA,NA,NA
"61","KENAI_WQX","Kenai Watershed Forum","KENAI_WQX-10000027_07/26/2005_12:15:00","2005-07-26","12:15:00","AKDT","KENAI_WQX-10000027","STORET-56498442",NA,NA,"Benzene, toluene, ethyl benzene, xylenes mix","Volatile",1.8,"ug/l","Final","Calculated","602","USEPA","Purgeable Aromatics in Wastewater by GC",NA,"https://www.nemi.gov/methods/method_summary/5228/",NA,NA,"https://www.waterqualitydata.us/data/providers/STORET/organizations/KENAI_WQX/activities/KENAI_WQX-10000027_07%2F26%2F2005_12%3A15%3A00/results/56498442/resdetectqntlmts","STORET","KBL","m",40,"KBL_m_40.0","River/Stream","Bings_Landing",19020302,60.515441,-150.702069,"Interpolation-Satellite","NAD83","US",2,122,NA,"40",207,"Summer",27.492433,NA,NA,NA,NA,NA,NA,NA,NA,NA,NA
"62","KENAI_WQX","Kenai Watershed Forum","KENAI_WQX-10000002_07/26/2005_14:50:00","2005-07-26","14:50:00","AKDT","KENAI_WQX-10000002","STORET-56498235",NA,NA,"Benzene, toluene, ethyl benzene, xylenes mix","Volatile",7.3,"ug/l","Final","Calculated","602","USEPA","Purgeable Aromatics in Wastewater by GC",NA,"https://www.nemi.gov/methods/method_summary/5228/",NA,NA,"https://www.waterqualitydata.us/data/providers/STORET/organizations/KENAI_WQX/activities/KENAI_WQX-10000002_07%2F26%2F2005_14%3A50%3A00/results/56498235/resdetectqntlmts","STORET","KBL","m",1.5,"KBL_m_01.5","River/Stream","City_of_Kenai_Docks",19020302,60.54368,-151.22294,"Interpolation-Satellite","NAD83","US",2,122,NA,"1.5",207,"Summer",43.7445,NA,NA,NA,NA,NA,NA,NA,NA,NA,NA
"63","KENAI_WQX","Kenai Watershed Forum","KENAI_WQX-10000016_07/17/2007_11:30:00","2007-07-17","11:30:00","AKDT","KENAI_WQX-10000016","STORET-56487677",NA,NA,"Benzene, toluene, ethyl benzene, xylenes mix","Volatile",2.6,"ug/l","Final","Calculated","602","USEPA","Purgeable Aromatics in Wastewater by GC",NA,"https://www.nemi.gov/methods/method_summary/5228/",NA,NA,"https://www.waterqualitydata.us/data/providers/STORET/organizations/KENAI_WQX/activities/KENAI_WQX-10000016_07%2F17%2F2007_11%3A30%3A00/results/56487677/resdetectqntlmts","STORET","KBL","m",10.1,"KBL_m_10.1","River/Stream","Kenai_River_near_Beaver_creek",19020302,60.539279,-151.142263,"Interpolation-Satellite","NAD83","US",2,122,NA,"10.1",198,"Summer",27.892232,NA,NA,NA,NA,NA,NA,NA,NA,NA,NA
"64","KENAI_WQX","Kenai Watershed Forum","KENAI_WQX-10000021_07/29/2008_10:15:00","2008-07-29","10:15:00","AKST","KENAI_WQX-10000021","STORET-56455157",NA,NA,"Benzene, toluene, ethyl benzene, xylenes mix","Volatile",3.6,"ug/l","Final","Calculated","602","USEPA","Purgeable Aromatics in Wastewater by GC",NA,"https://www.nemi.gov/methods/method_summary/5228/",NA,NA,"https://www.waterqualitydata.us/data/providers/STORET/organizations/KENAI_WQX/activities/KENAI_WQX-10000021_07%2F29%2F2008_10%3A15%3A00/results/56455157/resdetectqntlmts","STORET","KBL","m",21,"KBL_m_21.0","River/Stream","Soldotna_Bridge",19020302,60.476634,-151.082099,"Interpolation-Satellite","NAD83","US",2,122,NA,"21",211,"Summer",31.581881,NA,NA,NA,NA,NA,NA,NA,NA,NA,NA
"65","KENAI_WQX","Kenai Watershed Forum","KENAI_WQX-10000016_07/18/2000_12:00:00","2000-07-18","12:00:00","AKDT","KENAI_WQX-10000016","STORET-56949947",NA,NA,"Benzene, toluene, ethyl benzene, xylenes mix","Volatile",8.59,"ug/l","Final","Calculated","602","USEPA","Purgeable Aromatics in Wastewater by GC",NA,"https://www.nemi.gov/methods/method_summary/5228/",NA,NA,"https://www.waterqualitydata.us/data/providers/STORET/organizations/KENAI_WQX/activities/KENAI_WQX-10000016_07%2F18%2F2000_12%3A00%3A00/results/56949947/resdetectqntlmts","STORET","KBL","m",10.1,"KBL_m_10.1","River/Stream","Kenai_River_near_Beaver_creek",19020302,60.539279,-151.142263,"Interpolation-Satellite","NAD83","US",2,122,NA,"10.1",200,"Summer",30.16229,NA,NA,NA,NA,NA,NA,NA,NA,NA,NA
"66","KENAI_WQX","Kenai Watershed Forum","KENAI_WQX-10000002_07/18/2000_10:48:00","2000-07-18","10:48:00","AKDT","KENAI_WQX-10000002","STORET-56949901",NA,NA,"Benzene, toluene, ethyl benzene, xylenes mix","Volatile",10.1,"ug/l","Final","Calculated","602","USEPA","Purgeable Aromatics in Wastewater by GC",NA,"https://www.nemi.gov/methods/method_summary/5228/",NA,NA,"https://www.waterqualitydata.us/data/providers/STORET/organizations/KENAI_WQX/activities/KENAI_WQX-10000002_07%2F18%2F2000_10%3A48%3A00/results/56949901/resdetectqntlmts","STORET","KBL","m",1.5,"KBL_m_01.5","River/Stream","City_of_Kenai_Docks",19020302,60.54368,-151.22294,"Interpolation-Satellite","NAD83","US",2,122,NA,"1.5",200,"Summer",50.4587,NA,NA,NA,NA,NA,NA,NA,NA,NA,NA
"67","KENAI_WQX","Kenai Watershed Forum","KENAI_WQX-10000027_07/16/2002_13:09:00","2002-07-16","13:09:00","AKDT","KENAI_WQX-10000027","STORET-56516761",NA,NA,"Benzene, toluene, ethyl benzene, xylenes mix","Volatile",2.04,"ug/l","Final","Calculated","602","USEPA","Purgeable Aromatics in Wastewater by GC",NA,"https://www.nemi.gov/methods/method_summary/5228/",NA,NA,"https://www.waterqualitydata.us/data/providers/STORET/organizations/KENAI_WQX/activities/KENAI_WQX-10000027_07%2F16%2F2002_13%3A09%3A00/results/56516761/resdetectqntlmts","STORET","KBL","m",40,"KBL_m_40.0","River/Stream","Bings_Landing",19020302,60.515441,-150.702069,"Interpolation-Satellite","NAD83","US",2,122,NA,"40",197,"Summer",27.08414,NA,NA,NA,NA,NA,NA,NA,NA,NA,NA
"68","KENAI_WQX","Kenai Watershed Forum","KENAI_WQX-10000015_07/16/2002_14:06:00","2002-07-16","14:06:00","AKDT","KENAI_WQX-10000015","STORET-56516922",NA,NA,"Benzene, toluene, ethyl benzene, xylenes mix","Volatile",0.63,"ug/l","Final","Calculated","602","USEPA","Purgeable Aromatics in Wastewater by GC",NA,"https://www.nemi.gov/methods/method_summary/5228/",NA,NA,"https://www.waterqualitydata.us/data/providers/STORET/organizations/KENAI_WQX/activities/KENAI_WQX-10000015_07%2F16%2F2002_14%3A06%3A00/results/56516922/resdetectqntlmts","STORET","KBL","t",10,"KBL_t_10.0","River/Stream","Beaver_Creek",19020302,60.548029,-151.14324,"Interpolation-Satellite","NAD83","US",2,122,"Beaver Creek","Beaver Creek",197,"Summer",67.74988,NA,NA,NA,NA,NA,NA,NA,NA,NA,NA
"69","KENAI_WQX","Kenai Watershed Forum","KENAI_WQX-10000025_2001-07-24_10:00:00","2001-07-24","10:00:00","AKDT","KENAI_WQX-10000025","STORET-56524014",NA,NA,"Benzene, toluene, ethyl benzene, xylenes mix","Volatile",0.63,"ug/l","Final","Calculated","602","USEPA","Purgeable Aromatics in Wastewater by GC",NA,"https://www.nemi.gov/methods/method_summary/5228/",NA,NA,"https://www.waterqualitydata.us/data/providers/STORET/organizations/KENAI_WQX/activities/KENAI_WQX-10000025_2001-07-24_10%3A00%3A00/results/56524014/resdetectqntlmts","STORET","KBL","m",31,"KBL_m_31.0","River/Stream","Morgans_Landing",19020302,60.498284,-150.863121,"Interpolation-Satellite","NAD83","US",2,122,NA,"31",205,"Summer",28.932478,NA,NA,NA,NA,NA,NA,NA,NA,NA,NA
"70","KENAI_WQX","Kenai Watershed Forum","KENAI_WQX-10000028_07/18/2000_07:35:00","2000-07-18","07:35:00","AKDT","KENAI_WQX-10000028","STORET-56950108",NA,NA,"Benzene, toluene, ethyl benzene, xylenes mix","Volatile",1.08,"ug/l","Final","Calculated","602","USEPA","Purgeable Aromatics in Wastewater by GC",NA,"https://www.nemi.gov/methods/method_summary/5228/",NA,NA,"https://www.waterqualitydata.us/data/providers/STORET/organizations/KENAI_WQX/activities/KENAI_WQX-10000028_07%2F18%2F2000_07%3A35%3A00/results/56950108/resdetectqntlmts","STORET","KBL","m",43,"KBL_m_43.0","River/Stream","Upstream_Dow_Island",19020302,60.489844,-150.636905,"Interpolation-Satellite","NAD83","US",2,122,NA,"43",200,"Summer",NA,NA,NA,NA,NA,NA,NA,NA,NA,NA,NA
"71","KENAI_WQX","Kenai Watershed Forum","KENAI_WQX-10000016_07/26/2005_13:28:00","2005-07-26","13:28:00","AKDT","KENAI_WQX-10000016","STORET-56498281",NA,NA,"Benzene, toluene, ethyl benzene, xylenes mix","Volatile",2.3,"ug/l","Final","Calculated","602","USEPA","Purgeable Aromatics in Wastewater by GC",NA,"https://www.nemi.gov/methods/method_summary/5228/",NA,NA,"https://www.waterqualitydata.us/data/providers/STORET/organizations/KENAI_WQX/activities/KENAI_WQX-10000016_07%2F26%2F2005_13%3A28%3A00/results/56498281/resdetectqntlmts","STORET","KBL","m",10.1,"KBL_m_10.1","River/Stream","Kenai_River_near_Beaver_creek",19020302,60.539279,-151.142263,"Interpolation-Satellite","NAD83","US",2,122,NA,"10.1",207,"Summer",26.165951,NA,NA,NA,NA,NA,NA,NA,NA,NA,NA
"72","KENAI_WQX","Kenai Watershed Forum","KENAI_WQX-10000016_07/22/2003_09:40:00","2003-07-22","09:40:00","AKDT","KENAI_WQX-10000016","STORET-56515565",NA,NA,"Benzene, toluene, ethyl benzene, xylenes mix","Volatile",7.77,"ug/l","Final","Calculated","602","USEPA","Purgeable Aromatics in Wastewater by GC",NA,"https://www.nemi.gov/methods/method_summary/5228/",NA,NA,"https://www.waterqualitydata.us/data/providers/STORET/organizations/KENAI_WQX/activities/KENAI_WQX-10000016_07%2F22%2F2003_09%3A40%3A00/results/56515565/resdetectqntlmts","STORET","KBL","m",10.1,"KBL_m_10.1","River/Stream","Kenai_River_near_Beaver_creek",19020302,60.539279,-151.142263,"Interpolation-Satellite","NAD83","US",2,122,NA,"10.1",203,"Summer",28.0902,NA,NA,NA,NA,NA,NA,NA,NA,NA,NA
"73","KENAI_WQX","Kenai Watershed Forum","KENAI_WQX-10000002_07/16/2002_13:45:00","2002-07-16","13:45:00","AKDT","KENAI_WQX-10000002","STORET-56516554",NA,NA,"Benzene, toluene, ethyl benzene, xylenes mix","Volatile",15.2,"ug/l","Final","Calculated","602","USEPA","Purgeable Aromatics in Wastewater by GC",NA,"https://www.nemi.gov/methods/method_summary/5228/",NA,NA,"https://www.waterqualitydata.us/data/providers/STORET/organizations/KENAI_WQX/activities/KENAI_WQX-10000002_07%2F16%2F2002_13%3A45%3A00/results/56516554/resdetectqntlmts","STORET","KBL","m",1.5,"KBL_m_01.5","River/Stream","City_of_Kenai_Docks",19020302,60.54368,-151.22294,"Interpolation-Satellite","NAD83","US",2,122,NA,"1.5",197,"Summer",122.05328,NA,NA,NA,NA,NA,NA,NA,NA,NA,NA
"74","KENAI_WQX","Kenai Watershed Forum","KENAI_WQX-10000029_07/16/2002_11:53:00","2002-07-16","11:53:00","AKDT","KENAI_WQX-10000029","STORET-56517037",NA,NA,"Benzene, toluene, ethyl benzene, xylenes mix","Volatile",0.82,"ug/l","Final","Calculated","602","USEPA","Purgeable Aromatics in Wastewater by GC",NA,"https://www.nemi.gov/methods/method_summary/5228/",NA,NA,"https://www.waterqualitydata.us/data/providers/STORET/organizations/KENAI_WQX/activities/KENAI_WQX-10000029_07%2F16%2F2002_11%3A53%3A00/results/56517037/resdetectqntlmts","STORET","KBL","t",44,"KBL_t_44.0","River/Stream","Killey_River",19020302,60.481518,-150.632498,"Interpolation-Satellite","NAD83","US",2,122,"Killey River","Killey River",197,"Summer",28.79085,NA,NA,NA,NA,NA,NA,NA,NA,NA,NA
"75","KENAI_WQX","Kenai Watershed Forum","KENAI_WQX-10000018_07/18/2000_13:10:00","2000-07-18","13:10:00","AKDT","KENAI_WQX-10000018","STORET-56949993",NA,NA,"Benzene, toluene, ethyl benzene, xylenes mix","Volatile",1.48,"ug/l","Final","Calculated","602","USEPA","Purgeable Aromatics in Wastewater by GC",NA,"https://www.nemi.gov/methods/method_summary/5228/",NA,NA,"https://www.waterqualitydata.us/data/providers/STORET/organizations/KENAI_WQX/activities/KENAI_WQX-10000018_07%2F18%2F2000_13%3A10%3A00/results/56949993/resdetectqntlmts","STORET","KBL","m",18,"KBL_m_18.0","River/Stream","Poachers_Cove",19020302,60.502005,-151.106973,"Interpolation-Satellite","NAD83","US",2,122,NA,"18",200,"Summer",29.72542,NA,NA,NA,NA,NA,NA,NA,NA,NA,NA
"76","KENAI_WQX","Kenai Watershed Forum","KENAI_WQX-10000002_07/17/2007_11:30:00","2007-07-17","11:30:00","AKDT","KENAI_WQX-10000002","STORET-56487491",NA,NA,"Benzene, toluene, ethyl benzene, xylenes mix","Volatile",2.2,"ug/l","Final","Calculated","602","USEPA","Purgeable Aromatics in Wastewater by GC",NA,"https://www.nemi.gov/methods/method_summary/5228/",NA,NA,"https://www.waterqualitydata.us/data/providers/STORET/organizations/KENAI_WQX/activities/KENAI_WQX-10000002_07%2F17%2F2007_11%3A30%3A00/results/56487491/resdetectqntlmts","STORET","KBL","m",1.5,"KBL_m_01.5","River/Stream","City_of_Kenai_Docks",19020302,60.54368,-151.22294,"Interpolation-Satellite","NAD83","US",2,122,NA,"1.5",198,"Summer",78.7816,NA,NA,NA,NA,NA,NA,NA,NA,NA,NA
